Model,Test MSE
Polynomial Regression,38.45860630390851
Regression Splines,49.4533358778557
Smoothing Splines,32.307728506798604
Regression Tree,63.08280011201006
Random Forest,29.60130673736784
